Team,Winrate,Season
MIL,0.767,19_20
TOR,0.736,19_20
LAL,0.732,19_20
LAC,0.681,19_20
BOS,0.667,19_20
DEN,0.63,19_20
IND,0.616,19_20
UTA,0.611,19_20
HOU,0.611,19_20
OKC,0.611,19_20
MIA,0.603,19_20
PHI,0.589,19_20
DAL,0.573,19_20
BRK,0.486,19_20
POR,0.473,19_20
MEM,0.466,19_20
PHO,0.466,19_20
ORL,0.452,19_20
SAS,0.451,19_20
SAC,0.431,19_20
NOP,0.417,19_20
WAS,0.347,19_20
CHO,0.354,19_20
CHI,0.338,19_20
NYK,0.318,19_20
ATL,0.299,19_20
DET,0.303,19_20
MIN,0.297,19_20
CLE,0.292,19_20
GSW,0.231,19_20
